Link Name,Center of Mass X,Center of Mass Y,Center of Mass Z,Center of Mass Roll,Center of Mass Pitch,Center of Mass Yaw,Mass,Moment Ixx,Moment Ixy,Moment Ixz,Moment Iyy,Moment Iyz,Moment Izz,Visual X,Visual Y,Visual Z,Visual Roll,Visual Pitch,Visual Yaw,Mesh Filename,Color Red,Color Green,Color Blue,Color Alpha,Collision X,Collision Y,Collision Z,Collision Roll,Collision Pitch,Collision Yaw,Collision Mesh Filename,Material Name,SW Components,Coordinate System,Axis Name,Joint Name,Joint Type,Joint Origin X,Joint Origin Y,Joint Origin Z,Joint Origin Roll,Joint Origin Pitch,Joint Origin Yaw,Parent,Joint Axis X,Joint Axis Y,Joint Axis Z,Limit Effort,Limit Velocity,Limit Lower,Limit Upper,Calibration rising,Calibration falling,Dynamics Damping,Dynamics Friction,Safety Soft Upper,Safety Soft Lower,Safety K Position,Safety K Velocity
hand_base_link,-0.00146451938108689,-0.00151888155879073,0.0427990524649812,0,0,0,0.0570701007302751,6.41476396285827E-05,4.13588892205773E-07,2.93582919010314E-06,3.34589534848391E-05,2.49418020553825E-06,3.60802311069806E-05,0,0,0,0,0,0,meshes/hand_base_link.STL,0,0.6,0,1,0,0,0,0,0,0,meshes/hand_base_link.STL,,O30i右手模型-1/233.sldasm-Part-66-1;O30i右手模型-1/233.sldasm-Part-68-1;O30i右手模型-1/233.sldasm-Part-65-1;O30i右手模型-1/233.sldasm-Part-64-1;O30i右手模型-1/233.sldasm-Part-23-1,坐标系0,,,,0,0,0,0,0,0,,0,0,0,,,,,,,,,,,,
thumb_metacarpals_base1,-0.0105118326494666,0.000531037250757874,0.000201233410709316,0,0,0,0.00628309017011841,4.40315685893602E-07,-1.47599709046314E-08,-8.54509113883151E-09,2.23456411184308E-07,2.25125857386092E-09,5.23701836165457E-07,0,0,0,0,0,0,meshes/thumb_metacarpals_base1.STL,0.584313725490196,1,0.270588235294118,1,0,0,0,0,0,0,meshes/thumb_metacarpals_base1.STL,,O30i右手模型-1/装配体2^O30i右手模型-1/233.sldasm-Part-1-1;O30i右手模型-1/装配体2^O30i右手模型-1/圆角1-1;O30i右手模型-1/装配体2^O30i右手模型-1/233.sldasm-Part-2-1,坐标系1,基准轴1,thumb_cmc_roll,revolute,0.018722,0.016674,0.024272,0,0,0,hand_base_link,1,0,0,1,1,0,0.77,,,,,,,,
thumb_metacarpals_base2,3.50793983951991E-05,0.0307325068539125,0.000377698493481092,0,0,0,0.0124355946309777,1.85557953127413E-06,-1.34202004276246E-08,3.40784805164981E-10,7.3232007789305E-07,-1.04440143780077E-07,1.79341397866876E-06,0,0,0,0,0,0,meshes/thumb_metacarpals_base2.STL,0.6,0.4,0.2,1,0,0,0,0,0,0,meshes/thumb_metacarpals_base2.STL,,O30i右手模型-1/装配体1^O30i右手模型-1/233.sldasm-Part-3-1;O30i右手模型-1/装配体1^O30i右手模型-1/圆角1-1-1;O30i右手模型-1/装配体1^O30i右手模型-1/233.sldasm-Part-10-1,坐标系2,基准轴2,thumb_cmc_yaw,revolute,-0.00475,0.016238,-0.00059587,0,0,0,thumb_metacarpals_base1,0,0,1,1,1,0,1.63,,,,,,,,
thumb_proximal,0.000105705672182835,0.0206142627358541,-0.00506839782178824,0,0,0,0.00973720424636687,1.01074814614493E-06,2.50764613880781E-09,-1.74226307591624E-10,5.24186920744717E-07,1.68407924898363E-08,1.02072874531995E-06,0,0,0,0,0,0,meshes/thumb_proximal.STL,0.6,0.4,0.2,1,0,0,0,0,0,0,meshes/thumb_proximal.STL,,O30i右手模型-1/装配体1^O30i右手模型-1/233.sldasm-Part-7-1;O30i右手模型-1/装配体1^O30i右手模型-1/233.sldasm-Part-9-1;O30i右手模型-1/装配体1^O30i右手模型-1/切除-拉伸2-1;O30i右手模型-1/装配体1^O30i右手模型-1/233.sldasm-Part-8-1,坐标系3,基准轴3,thumb_mcp,revolute,-5.4077E-05,0.052039,0.0059395,0,0,0,thumb_metacarpals_base2,-1,0,0,1,1,0,1.51,,,,,,,,
thumb_distal,-4.60564973558085E-05,0.0112290094697628,-0.00403269076475772,0,0,0,0.0033703198194942,1.76894970099447E-07,-1.29532349747695E-10,5.66062141751448E-11,1.15948905078769E-07,-1.03138565159848E-08,1.66156539801434E-07,0,0,0,0,0,0,meshes/thumb_distal.STL,0.690196078431373,0.690196078431373,0.690196078431373,1,0,0,0,0,0,0,meshes/thumb_distal.STL,,O30i右手模型-1/装配体1^O30i右手模型-1/233.sldasm-Part-5-1;O30i右手模型-1/装配体1^O30i右手模型-1/233.sldasm-Part-6-1,坐标系4,基准轴4,thumb_ip,revolute,4.8488E-05,0.040032,-0.0005,0,0,0,thumb_proximal,-1,0,0,1,1,0,1.66,,,,,,,,
index_metacarpals,-0.0106040258094052,-5.13953894481882E-05,-0.00136151819442749,0,0,0,0.00661261244742178,4.53652866123246E-07,1.66679020586885E-08,-1.26712149811549E-08,5.30500427518365E-07,4.56960905410225E-10,2.56538210441828E-07,0,0,0,0,0,0,meshes/index_metacarpals.STL,0.286274509803922,1,0.196078431372549,1,0,0,0,0,0,0,meshes/index_metacarpals.STL,,O30i右手模型-1/装配体3^O30i右手模型-2/233.sldasm-Part-14-1;O30i右手模型-1/装配体3^O30i右手模型-2/233.sldasm-Part-67-1;O30i右手模型-1/装配体3^O30i右手模型-2/233.sldasm-Part-24-1;O30i右手模型-1/装配体3^O30i右手模型-2/233.sldasm-Part-22-1,坐标系5,基准轴5,index_mcp_roll,revolute,0.018722,0.029679,0.075158,0,0,0,hand_base_link,1,0,0,1,1,-0.07,0.4,,,,,,,,
index_proximal,-0.0043709621275504,2.16385333159826E-05,0.0216063163265681,0,0,0,0.00727256326100808,6.59424988535241E-07,1.15369816881374E-10,-2.43455022025729E-08,7.06690330759988E-07,-1.75709839767273E-10,3.18019337389962E-07,0,0,0,0,0,0,meshes/index_proximal.STL,0.690196078431373,0.690196078431373,0.690196078431373,1,0,0,0,0,0,0,meshes/index_proximal.STL,,O30i右手模型-1/装配体3^O30i右手模型-2/233.sldasm-Part-19-1;O30i右手模型-1/装配体3^O30i右手模型-2/233.sldasm-Part-12-1;O30i右手模型-1/装配体3^O30i右手模型-2/233.sldasm-Part-16-1;O30i右手模型-1/装配体3^O30i右手模型-2/233.sldasm-Part-18-1,坐标系6,基准轴6,index_mcp_pitch,revolute,-0.00475,0.00059587,0.016238,0,0,0,index_metacarpals,0,-1,0,1,1,0,1.77,,,,,,,,
index_middle,-0.00412829489374895,4.33935129848899E-05,0.0217078554898162,0,0,0,0.00678023137976301,6.77930682969668E-07,1.0022443161073E-10,-7.34914379088131E-09,7.24200285246171E-07,6.8455968172179E-11,2.95854297824364E-07,0,0,0,0,0,0,meshes/index_middle.STL,0.690196078431373,0.690196078431373,0.690196078431373,1,0,0,0,0,0,0,meshes/index_middle.STL,,O30i右手模型-1/装配体3^O30i右手模型-2/233.sldasm-Part-11-1;O30i右手模型-1/装配体3^O30i右手模型-2/233.sldasm-Part-13-1;O30i右手模型-1/装配体3^O30i右手模型-2/233.sldasm-Part-21-1;O30i右手模型-1/装配体3^O30i右手模型-2/233.sldasm-Part-15-1,坐标系7,基准轴7,index_pip,revolute,0,0,0.039681,0,0,0,index_proximal,0,-1,0,1,1,0,1.63,,,,,,,,
index_distal,-0.00405260592933677,2.92010642392003E-05,0.0113571507781909,0,0,0,0.0033098791304967,1.64002168413707E-07,-3.45038659319342E-12,-9.24432368435003E-09,1.74779055176355E-07,3.79661625368079E-12,1.1460476210935E-07,0,0,0,0,0,0,meshes/index_distal.STL,0.6,0.4,0.2,1,0,0,0,0,0,0,meshes/index_distal.STL,,O30i右手模型-1/装配体3^O30i右手模型-2/233.sldasm-Part-17-1;O30i右手模型-1/装配体3^O30i右手模型-2/233.sldasm-Part-20-1,坐标系8,基准轴8,index_dip,revolute,0,0,0.040244,0,0,0,index_middle,0,-1,0,1,1,1,1.55,,,,,,,,
middle_metacarpals,-0.0106040258093801,-5.13953895135309E-05,-0.00136151819462214,0,0,0,0.00661261244742176,4.53652866122421E-07,1.6667902059155E-08,-1.26712149847738E-08,5.30500427517202E-07,4.5696090563867E-10,2.56538210441734E-07,0,0,0,0,0,0,meshes/middle_metacarpals.STL,0.4,0.2,0.8,1,0,0,0,0,0,0,meshes/middle_metacarpals.STL,,O30i右手模型-1/装配体3^O30i右手模型-1/233.sldasm-Part-67-1;O30i右手模型-1/装配体3^O30i右手模型-1/233.sldasm-Part-14-1;O30i右手模型-1/装配体3^O30i右手模型-1/233.sldasm-Part-24-1;O30i右手模型-1/装配体3^O30i右手模型-1/233.sldasm-Part-22-1,坐标系9,基准轴9,middle_mcp_roll,revolute,0.018722,0.0086937,0.081586,0,0,0,hand_base_link,1,0,0,1,1,-0.26,0.38,,,,,,,,
middle_proximal,-0.00437096211453991,2.16385377681651E-05,0.021606316263903,0,0,0,0.00727256322379252,6.59424984533755E-07,1.15369786907248E-10,-2.43455017911397E-08,7.06690325324724E-07,-1.75709424177874E-10,3.18019338775399E-07,0,0,0,0,0,0,meshes/middle_proximal.STL,0.690196078431373,0.690196078431373,0.690196078431373,1,0,0,0,0,0,0,meshes/middle_proximal.STL,,O30i右手模型-1/装配体3^O30i右手模型-1/233.sldasm-Part-19-1;O30i右手模型-1/装配体3^O30i右手模型-1/233.sldasm-Part-12-1;O30i右手模型-1/装配体3^O30i右手模型-1/233.sldasm-Part-16-1;O30i右手模型-1/装配体3^O30i右手模型-1/233.sldasm-Part-18-1,坐标系10,基准轴10,middle_mcp_pitch,revolute,-0.00475,0.00059587,0.016238,0,0,0,middle_metacarpals,0,-1,0,1,1,0,1.77,,,,,,,,
middle_middle,-0.00416491190892752,4.53802720945468E-05,0.0183968023027694,0,0,0,0.00558395826725584,6.23566979572116E-07,1.48661311147268E-12,9.71608105955063E-09,6.62874748143871E-07,-1.95417713888735E-11,2.52254263414512E-07,0,0,0,0,0,0,meshes/middle_middle.STL,0.690196078431373,0.690196078431373,0.690196078431373,1,0,0,0,0,0,0,meshes/middle_middle.STL,,O30i右手模型-1/装配体3^O30i右手模型-1/233.sldasm-Part-11-1;O30i右手模型-1/装配体3^O30i右手模型-1/233.sldasm-Part-13-1;O30i右手模型-1/装配体3^O30i右手模型-1/233.sldasm-Part-21-1,坐标系11,基准轴11,middle_pip,revolute,0,0,0.039681,0,0,0,middle_proximal,0,-1,0,1,1,0,1.63,,,,,,,,
middle_distal,-0.0040526080066767,2.92015397774141E-05,0.0113571741521581,0,0,0,0.00330988759550385,1.64003148791956E-07,-3.39806839680505E-12,-9.24426389673421E-09,1.74779889123667E-07,3.85472238306036E-12,1.1460470796913E-07,0,0,0,0,0,0,meshes/middle_distal.STL,0.6,0.4,0.2,1,0,0,0,0,0,0,meshes/middle_distal.STL,,O30i右手模型-1/装配体3^O30i右手模型-1/233.sldasm-Part-17-1;O30i右手模型-1/装配体3^O30i右手模型-1/233.sldasm-Part-20-1,坐标系12,基准轴12,middle_dip,revolute,0,0,0.040244,0,0,0,middle_middle,0,-1,0,1,1,0,1.55,,,,,,,,
ring_metacarpals,-0.0106040258039409,-5.13953875669396E-05,-0.00136151819474453,0,0,0,0.00661261244414956,4.53652866086209E-07,1.66679020186835E-08,-1.26712150849033E-08,5.30500427139748E-07,4.56960893200256E-10,2.56538210088551E-07,0,0,0,0,0,0,meshes/ring_metacarpals.STL,0.286274509803922,1,0.196078431372549,1,0,0,0,0,0,0,meshes/ring_metacarpals.STL,,O30i右手模型-1/装配体3^O30i右手模型-3/233.sldasm-Part-14-1;O30i右手模型-1/装配体3^O30i右手模型-3/233.sldasm-Part-67-1;O30i右手模型-1/装配体3^O30i右手模型-3/233.sldasm-Part-24-1;O30i右手模型-1/装配体3^O30i右手模型-3/233.sldasm-Part-22-1,坐标系13,基准轴13,ring_mcp_roll,revolute,0.018722,-0.012188,0.079218,0,0,0,hand_base_link,1,0,0,0,0,-0.17,0.28,,,,,,,,
ring_proximal,-0.00437096212848108,2.16385332126728E-05,0.0216063163327438,0,0,0,0.00727256326396366,6.5942498771819E-07,1.15369820837761E-10,-2.43455022245408E-08,7.06690331454756E-07,-1.75709860575411E-10,3.18019335895501E-07,0,0,0,0,0,0,meshes/ring_proximal.STL,0.690196078431373,0.690196078431373,0.690196078431373,1,0,0,0,0,0,0,meshes/ring_proximal.STL,,O30i右手模型-1/装配体3^O30i右手模型-3/233.sldasm-Part-19-1;O30i右手模型-1/装配体3^O30i右手模型-3/233.sldasm-Part-12-1;O30i右手模型-1/装配体3^O30i右手模型-3/233.sldasm-Part-16-1;O30i右手模型-1/装配体3^O30i右手模型-3/233.sldasm-Part-18-1,坐标系14,基准轴14,ring_mcp_pitch,revolute,-0.00475,0.00059587,0.016238,0,0,0,ring_metacarpals,0,-1,0,1,1,0,1.77,,,,,,,,
ring_middle,-0.00416491192838481,4.53802663086568E-05,0.0183968024169422,0,0,0,0.00558395830757745,6.23566985916703E-07,1.48664397100439E-12,9.71608067536211E-09,6.62874753776221E-07,-1.95421758625405E-11,2.52254264189611E-07,0,0,0,0,0,0,meshes/ring_middle.STL,0.690196078431373,0.690196078431373,0.690196078431373,1,0,0,0,0,0,0,meshes/ring_middle.STL,,O30i右手模型-1/装配体3^O30i右手模型-3/233.sldasm-Part-11-1;O30i右手模型-1/装配体3^O30i右手模型-3/233.sldasm-Part-13-1;O30i右手模型-1/装配体3^O30i右手模型-3/233.sldasm-Part-21-1,坐标系15,基准轴15,ring_pip,revolute,0,0,0.039681,0,0,0,ring_proximal,0,-1,0,1,1,0,1.63,,,,,,,,
ring_distal,-0.00405260742568393,2.91984265882485E-05,0.0113571618103905,0,0,0,0.00330988375961977,1.64002482967217E-07,-3.51093191735502E-12,-9.24429621268036E-09,1.74779331899762E-07,3.79763524146384E-12,1.14604618112137E-07,0,0,0,0,0,0,meshes/ring_distal.STL,0.6,0.4,0.2,1,0,0,0,0,0,0,meshes/ring_distal.STL,,O30i右手模型-1/装配体3^O30i右手模型-3/233.sldasm-Part-17-1;O30i右手模型-1/装配体3^O30i右手模型-3/233.sldasm-Part-20-1,坐标系16,基准轴16,ring_dip,revolute,0,0,0.040244,0,0,0,ring_middle,0,-1,0,1,1,0,1.55,,,,,,,,
pinky_metacarpals,-0.0106040258039376,-5.13953875944106E-05,-0.00136151819476814,0,0,0,0.00661261244414956,4.53652866086213E-07,1.66679020188784E-08,-1.26712150853475E-08,5.30500427140437E-07,4.56960893204398E-10,2.56538210089087E-07,0,0,0,0,0,0,meshes/pinky_metacarpals.STL,0.4,0.2,0.8,1,0,0,0,0,0,0,meshes/pinky_metacarpals.STL,,O30i右手模型-1/装配体3^O30i右手模型-4/233.sldasm-Part-67-1;O30i右手模型-1/装配体3^O30i右手模型-4/233.sldasm-Part-14-1;O30i右手模型-1/装配体3^O30i右手模型-4/233.sldasm-Part-24-1;O30i右手模型-1/装配体3^O30i右手模型-4/233.sldasm-Part-22-1,坐标系17,基准轴17,pinky_mcp_roll,revolute,0.018722,-0.030927,0.067761,0,0,0,hand_base_link,1,0,0,1,1,-0.17,0.28,,,,,,,,
pinky_proximal,-0.00437096211497169,2.16385374772129E-05,0.0216063162659534,0,0,0,0.00727256322451616,6.59424984467403E-07,1.15369789522493E-10,-2.43455018407703E-08,7.06690325599736E-07,-1.75709453609034E-10,3.1801933843565E-07,0,0,0,0,0,0,meshes/pinky_proximal.STL,0.690196078431373,0.690196078431373,0.690196078431373,1,0,0,0,0,0,0,meshes/pinky_proximal.STL,,O30i右手模型-1/装配体3^O30i右手模型-4/233.sldasm-Part-19-1;O30i右手模型-1/装配体3^O30i右手模型-4/233.sldasm-Part-12-1;O30i右手模型-1/装配体3^O30i右手模型-4/233.sldasm-Part-16-1;O30i右手模型-1/装配体3^O30i右手模型-4/233.sldasm-Part-18-1,坐标系18,基准轴18,pinky_mcp_pitch,revolute,-0.00475,0.00059587,0.016238,0,0,0,pinky_metacarpals,0,-1,0,1,1,0,1.77,,,,,,,,
pinky_middle,-0.00412829488912096,4.33935004629793E-05,0.0217078554135159,0,0,0,0.00678023141445045,6.77930689052883E-07,1.00224317995394E-10,-7.34914443754626E-09,7.24200290521759E-07,6.84568635307055E-11,2.9585429874662E-07,0,0,0,0,0,0,meshes/pinky_middle.STL,0.6,0.4,0.2,1,0,0,0,0,0,0,meshes/pinky_middle.STL,,O30i右手模型-1/装配体3^O30i右手模型-4/233.sldasm-Part-13-1;O30i右手模型-1/装配体3^O30i右手模型-4/233.sldasm-Part-11-1;O30i右手模型-1/装配体3^O30i右手模型-4/233.sldasm-Part-21-1;O30i右手模型-1/装配体3^O30i右手模型-4/233.sldasm-Part-15-1,坐标系19,基准轴19,pinky_pip,revolute,0,0,0.039681,0,0,0,pinky_proximal,0,-1,0,1,1,0,1.63,,,,,,,,
pinky_distal,-0.00405259886775996,2.91983586506936E-05,0.0113571520424041,0,0,0,0.00330987874289192,1.64002282686245E-07,-3.40616709379705E-12,-9.24408880780151E-09,1.74779075536322E-07,3.76063308216828E-12,1.14604555086707E-07,0,0,0,0,0,0,meshes/pinky_distal.STL,0.690196078431373,0.690196078431373,0.690196078431373,1,0,0,0,0,0,0,meshes/pinky_distal.STL,,O30i右手模型-1/装配体3^O30i右手模型-4/233.sldasm-Part-20-1;O30i右手模型-1/装配体3^O30i右手模型-4/233.sldasm-Part-17-1,坐标系20,基准轴20,pinky_dip,revolute,0,0,0.040244,0,0,0,pinky_middle,0,-1,0,1,1,0,1.55,,,,,,,,
